2025-12-08_12-45-38,100,draft.py:2025-12-08_12-45-38
2025-12-08_12-45-38,100,draft.py:2025-12-08_12-45-38
2025-12-08_12-55-21,100,draft.py:2025-12-08_12-55-21
2025-12-08_12-55-22,100,draft.py:2025-12-08_12-55-21
2025-12-08_12-58-40,100,draft.py:2025-12-08_12-58-40
2025-12-08_12-58-40,100,draft.py:2025-12-08_12-58-40
2025-12-08_13-03-31,0,draft.py:2025-12-08_13-03-31
2025-12-08_13-03-51,0,draft.py:2025-12-08_13-03-51
2025-12-08_13-04-02,0,draft.py:2025-12-08_13-04-02
2025-12-08_13-04-15,0,draft.py:2025-12-08_13-04-02
2025-12-08_13-04-42,0,draft.py:2025-12-08_13-04-42
2025-12-08_13-04-44,0,draft.py:2025-12-08_13-04-44
2025-12-08_13-04-45,0,draft.py:2025-12-08_13-04-44
2025-12-08_13-05-30,0,draft.py:2025-12-08_13-04-44
2025-12-08_21-48-29,0,draft.py:2025-12-08_13-04-44
2025-12-08_21-48-29,0,draft.py:2025-12-08_13-04-44
2025-12-08_21-55-57,0,draft.py:2025-12-08_13-04-44
2025-12-08_21-55-57,0,draft.py:2025-12-08_13-04-44
2025-12-08_21-56-14,0,draft.py:2025-12-08_21-56-14
2025-12-08_21-56-14,0,draft.py:2025-12-08_21-56-14
2025-12-08_21-56-15,0,draft.py:2025-12-08_21-56-15
2025-12-08_21-56-15,0,draft.py:2025-12-08_21-56-15
2025-12-08_22-00-39,0,draft.py:2025-12-08_22-00-39
2025-12-08_22-00-39,0,draft.py:2025-12-08_22-00-39
2025-12-08_22-00-40,0,draft.py:2025-12-08_22-00-40
2025-12-08_22-00-41,0,draft.py:2025-12-08_22-00-40
2025-12-08_22-03-12,0,draft.py:2025-12-08_22-03-12
2025-12-08_22-03-12,0,draft.py:2025-12-08_22-03-12
2025-12-08_22-03-12,0,draft.py:2025-12-08_22-03-12
2025-12-08_22-03-25,0,draft.py:2025-12-08_22-03-25
2025-12-08_22-03-26,0,draft.py:2025-12-08_22-03-25
2025-12-08_22-03-44,0,draft.py:2025-12-08_22-03-44
2025-12-08_22-03-44,0,draft.py:2025-12-08_22-03-44
2025-12-08_22-03-45,0,draft.py:2025-12-08_22-03-45
2025-12-08_22-08-25,0,draft.py:2025-12-08_22-08-25
2025-12-08_22-08-25,0,draft.py:2025-12-08_22-08-25
2025-12-08_22-08-26,0,draft.py:2025-12-08_22-08-26
2025-12-08_22-08-41,0,draft.py:2025-12-08_22-08-26
2025-12-08_22-08-41,0,draft.py:2025-12-08_22-08-26
2025-12-08_22-08-41,0,draft.py:2025-12-08_22-08-26
2025-12-08_22-09-44,0,draft.py:2025-12-08_22-09-44
2025-12-08_22-09-45,0,draft.py:2025-12-08_22-09-44
2025-12-08_22-09-45,0,draft.py:2025-12-08_22-09-44
2025-12-08_22-09-45,0,draft.py:2025-12-08_22-09-44
2025-12-08_22-10-09,0,draft.py:2025-12-08_22-09-44
2025-12-08_22-10-09,0,draft.py:2025-12-08_22-09-44
2025-12-08_22-10-35,0,draft.py:2025-12-08_22-10-35
2025-12-08_22-10-36,0,draft.py:2025-12-08_22-10-36
2025-12-08_22-10-36,0,draft.py:2025-12-08_22-10-36
2025-12-08_22-10-45,0,draft.py:2025-12-08_22-10-45
2025-12-08_22-10-46,0,draft.py:2025-12-08_22-10-46
2025-12-08_22-10-46,0,draft.py:2025-12-08_22-10-46
2025-12-08_22-11-28,0,draft.py:2025-12-08_22-11-28
2025-12-08_22-11-31,0,draft.py:2025-12-08_22-11-31
2025-12-08_22-11-31,0,draft.py:2025-12-08_22-11-31
2025-12-08_22-11-50,0,draft.py:2025-12-08_22-11-50
2025-12-08_22-11-50,0,draft.py:2025-12-08_22-11-50
2025-12-08_22-24-06,0,draft.py:2025-12-08_22-24-06
2025-12-08_22-24-09,---,draft.py:2025-12-08_22-24-06
