2025-12-08_22-16-27,100,draft.py:2025-12-08_22-16-27
2025-12-08_22-16-27,100,draft.py:2025-12-08_22-16-27
2025-12-11_00-08-35,100,draft.py:2025-12-11_00-08-35
2025-12-11_00-08-35,100,draft.py:2025-12-11_00-08-35
2025-12-11_00-23-40,100,draft.py:2025-12-11_00-23-40
2025-12-11_00-23-40,100,draft.py:2025-12-11_00-23-40
2025-12-11_00-30-54,0,draft.py:2025-12-11_00-30-54
2025-12-11_00-31-00,0,draft.py:2025-12-11_00-30-54
2025-12-11_00-31-42,0,draft.py:2025-12-11_00-31-42
2025-12-11_00-31-43,0,draft.py:2025-12-11_00-31-42
2025-12-11_00-33-40,0,draft.py:2025-12-11_00-33-40
2025-12-11_00-34-17,0,draft.py:2025-12-11_00-34-17
2025-12-11_00-34-30,0,draft.py:2025-12-11_00-34-30
2025-12-11_00-34-31,0,draft.py:2025-12-11_00-34-30
2025-12-11_00-38-58,0,draft.py:2025-12-11_00-38-58
2025-12-11_00-39-37,0,draft.py:2025-12-11_00-39-37
