2025-12-13_00-14-10,0,draft.py:2025-12-13_00-14-10
2025-12-13_00-21-35,0,draft.py:2025-12-13_00-21-35
2025-12-13_00-21-35,0,draft.py:2025-12-13_00-21-35
2025-12-13_00-30-18,0,draft.py:2025-12-13_00-30-18
2025-12-13_00-30-18,0,draft.py:2025-12-13_00-30-18
2025-12-13_00-30-18,0,draft.py:2025-12-13_00-30-18
2025-12-14_02-05-45,0,draft.py:2025-12-13_00-30-18
2025-12-14_02-05-45,0,draft.py:2025-12-13_00-30-18
2025-12-14_02-06-42,0,draft.py:2025-12-14_02-06-42
2025-12-14_02-15-27,0,draft.py:2025-12-14_02-15-27
2025-12-14_02-15-27,0,draft.py:2025-12-14_02-15-27
2025-12-14_02-24-25,0,draft.py:2025-12-14_02-24-25
2025-12-14_02-24-30,---,draft.py:2025-12-14_02-24-25
2025-12-14_02-24-59,0,draft.py:2025-12-14_02-24-59
2025-12-14_02-32-20,0,draft.py:2025-12-14_02-32-20
2025-12-14_02-32-21,0,draft.py:2025-12-14_02-32-20
2025-12-14_02-32-21,0,draft.py:2025-12-14_02-32-20
2025-12-14_02-32-22,0,draft.py:2025-12-14_02-32-20
2025-12-14_02-32-24,0,draft.py:2025-12-14_02-32-20
2025-12-14_02-32-24,---,draft.py:2025-12-14_02-32-20
2025-12-14_02-36-54,0,draft.py:2025-12-14_02-36-54
2025-12-14_02-36-58,0,draft.py:2025-12-14_02-36-54
2025-12-14_02-36-58,0,draft.py:2025-12-14_02-36-54
2025-12-14_02-39-09,0,draft.py:2025-12-14_02-39-09
2025-12-14_02-39-10,0,draft.py:2025-12-14_02-39-09
